RCHGF002909	640860253_AbfH	371	1	370	371	193	47.709	100	4.99E-130	1	1	MKLLKLAPDVYKFDTAEEFMKYFKVGKGDFILTNEFLYKPFLEKFNDGADAVFQEKYGLGEPSDEMINNIIKDIGDKQYNRIIAVGGGSVIDIAKILSLKYTDDSLDLFEGKVPLVKNKELIIVPTTCGTGSEVTNVSVAELKRRHTKKGIASDELYATYAVLVPEFIKGLPYKFFVTSSVDALIHATEAYVSPNANPYTDMFSVKAMELILNGYMQMVEKGNDYRVEIIEDFVIGSNYAGIAFGNAGVGAVHALSYPIGGNYHVPHGEANYLFFTEIFKTYYEKNPNGKIKDVNKLLAGILKCDESEAYDSLSQLLDKLLSRKPLREYGMKEEEIETFADSVIEGQQRLLVNNYEPFSREDIVNTYKKLY
RCHGF002909	643576912_AbfH	371	1	370	371	193	47.709	100	4.99E-130	1	1	MKLLKLAPDVYKFDTAEEFMKYFKVGKGDFILTNEFLYKPFLEKFNDGADAVFQEKYGLGEPSDEMINNIIKDIGDKQYNRIIAVGGGSVIDIAKILSLKYTDDSLDLFEGKVPLVKNKELIIVPTTCGTGSEVTNVSVAELKRRHTKKGIASDELYATYAVLVPEFIKGLPYKFFVTSSVDALIHATEAYVSPNANPYTDMFSVKAMELILNGYMQMVEKGNDYRVEIIEDFVIGSNYAGIAFGNAGVGAVHALSYPIGGNYHVPHGEANYLFFTEIFKTYYEKNPNGKIKDVNKLLAGILKCDESEAYDSLSQLLDKLLSRKPLREYGMKEEEIETFADSVIEGQQRLLVNNYEPFSREDIVNTYKKLY
RCHGF002909	644452563_AbfH	371	1	370	371	187	49.326	100	4.05E-129	1	1	MQLFKLKTVIDQFETFADFAKAFALGERDLVITNDFLYEPFMKASQLPCHFVMQEHYGTGEPSEEMMNQILHDLQGTDFDRVIAVGGGTVIDISKLFVLRGLTDVMDAFDKKIPLVKEKQLIIIPTTCGTGSEVTNISIAEIKSRQTKMGLADDAIVADNAVIIPELLKGLPFKFYACSAIDALIHAVESFLSPKCNPYTAIFSEAAWQIIIPVFQKIRDKGPDYRFDCMGEMIMASNFAGIAFGNAGVGAVHALSYPLGGTYHVPHGEANYQFFTEVFKAYERKAPAGQMQLLKEKLAKLMGCTPATLFDEIDTLLSALIAKNPLHTYGMKEEEIEGFADAVIATQQRLLANNYTPLTRDEIRDIYKALY
RCHGF003500	650271027_AlternativeTransferases	515	1	515	515	0	100	100	0	0	0	MSKVISIEQAVSMIPDGAAIGIGGFIGSGHPQEFSVGIEESFLKSGHPKDLTIMFSAGIGDGTDRLGLNKLGHEGLLKRIIGGHWGLIPKLQKLVFENKVEGYNLPLGTISLMFRDIAGHRPGTITKVGLKTFVDPRIEGAKMNERSKEDLVELMHIDGEEWLRYKSFPLNVALIRATYCDEDGNATMEKEAATLDSLSIAQAAKNSGGIVLLQVEKVVQNGTLDPRKVKIPGIYVDGIVVARPENHWQTYANPYDPALSGEVKVPVNSIAPMKLNERKVICRRAAMELDPAAIINLGIGMPEGIANVANEEGLPGLKLTVEAGGIGGVPNAGTAFGTCTNPDAIIDQPYQFDFYDGGGLDQAFLGLAECDCSGNINVSRFGPKIAGCGGFINITQTSPVVVYCGTFTAGGLKVEVKDGKLHILQEGRIKKFKQEVEQITFSADFATETGQKVLYVTERAVFELLDGKLTLTEIAPGVDLEKDVLGQMEFKPAVADNLKTMDERLFREELIGLKA
RCHGF003500	650013294_AlternativeTransferases	515	1	515	515	8	98.447	100	0	0	0	MSKVISIEQAVSMIPDGAAIGIGGFIGSGHPQEFSVGIEESFLKSGHPKDLTIMFSAGIGDGTDRLGLNKLGHEGLLKRIIGGHWGLIPKLQKLVFENKVEGYNLPLGTISLMFRDIAGHRPGTITKVGLKTFVDPRIEGAKMNERSKEDLVELMHIDGEEWLRYKSFPLNVALIRATYCDEDGNATMEKEAATLDSLSIAQAAKNSGGIVLLQVEKVVQNGTLDPRKVKIPGIYVDGIVVARPENHWQTYANPYDPALSGEVKVPVNSIAPMKLNERKVICRRAAMELDPAAIINLGIGMPEGIANVANEEGLPGLKLTVEAGGIGGVPNAGTAFGTCTNPDAIIDQPYQFDFYDGGGLDQAFLGLAECDCSGNINVSRFGPKIAGCGGFINITQTSPVVVYCGTFTAGGLKVEVRDGKLHILQEGRIKKFKKEVEQITFSAEFATETGQKVLYVTERAVFELLDGKLTLTEIAPGVDLEQDVLGQMEFKPAVAEHLKTMDERLFRDELMGLKA
RCHGF003501	650271028_Cro	259	1	259	259	0	100	100	0	0	0	METILVNYEGHVATITINRPKALNALSTQVLTELNQALDEVAANNDVYALVLTGAGEKSFVAGADIAEMKDKSVEEAAAYGKFGNEVFRKIETFRCPVIAAVNGFALGGGCELAMSCDIRVASENAVFGQPEVGLGITPGFGGTQRLARLVGTGIAKEMIYTARNIKAERAYAIGLVNNVVPAEELMAVVMKMANGIAKNAPIAVAYSKKAINNGLQTDIDGGIAIEVEEFSNCFATEDQTYGMTCFLEKTKDKKFSNK
RCHGF003501	650013295_Cro	259	1	259	259	8	96.911	100	0	0	0	METILVNYEGHVATITINRPKALNALSTQVLTELNQALDEVAANKDVYALVITGAGEKSFVAGADIAEMKDKSVEEAATYGKFGNEVFRKIETFRCPVIAAVNGFALGGGCELAMSCDIRVASENAVFGQPEVGLGITPGFGGTQRLARLVGTGIAKEMIYTARNIKADRAYAIGLVNSVVPADELMAAVMKMANGIAKNAPLAVAYSKKAINNGLQTDIDGGIAIEVEEFSNCFATEDQTYGMTCFLEKTKDKKFSNK
RCHGF003501	641395782_Cro	259	1	259	259	28	89.189	100	1.19E-172	0	0	METILVNVEGHVATITINRPKALNALSTQVLTELDQALDEVAANKDVYALVITGAGEKAFVAGADIAEMKDKDVKEAATYGEFGNAVFRKIETFRCPVIAAINGFALGGGCELAMSCDIRVASDNAVFGQPEVGLGITPGFGGTQRLARLVGAGIAKEMIFTARNIKADRAYAIGLVNSVVAAEELMPTVMKMANGIAKNAPIAVAYAKTAINEGLQKDIDGGIAVEVREFSNCFATEDQTYGMTCFLEKTKEKTFANK
RCHGF003502	650271029_Hbd	279	1	279	279	0	100	100	0	0	0	MKKVGVIGAGTMGQGIANAFASNGYDVTVCDIKIEWAQGGIDKIAKKLDKLVSREKMTADKAAEVKGNLKAGEYKDLADCDLIVEAVLEKMEVKKELFTTLDEICKDSCIFGSNTSSLSITEIATGIKHNVIGMHFFNPADRMKLVEVISGINTPVETKEAILEISKSLGKTPVEVAEGPGFVVNRILVPMINEAAFILQEGIASVEDIDIAMKLGANHPMGPLALGDLIGLDIVEAIMDVLYNETKDSKYRCCTLIRKMVRGGKLGQKSGIGFYDYSK
RCHGF003502	650013296_Hbd	279	1	279	279	3	98.925	100	0	0	0	MKKVGVIGAGTMGQGIANAFASNGYDVTVCDIKIEWAQGGIDKIAKKLDKLVSREKMTADKAAEVKGNLKAGEYKDLADCDLIVEAVLEKMEVKKELFTTLDEICKDSCIFGSNTSSLSITEIATGIKHNVIGMHFFNPADRMKLVEVISGINTPVETKEAILEISKSLGKTPVEVAEGPGFVVNRILVPMINEAAFILQEGIASVEDIDTAMKLGANHPMGPLALGDLIGLDIVEAIMDVLYNETKDSKYRCCTLIRKMVRGGKLGQKSGVGFYDYAK
RCHGF003503	650271030_EtfA	342	1	342	342	0	100	100	0	0	0	MAKFEGYKDIYVFVEQKNGEVANVGYELISEARKLVASIPQMNFQVVGVLLGHNIKDKANDVIAHGADKVIVVDDALLEGYSTQFYADALTQVINSFKPDSFLTGATVLGRDLAPRVAARLNAGLTADATKIEIDQEKAKDGEALLLVTRPTFGGNLFGTIVCPDTRPQMATIRPNVFSMDAVDASRTGEVVEFTPEWTDTDPKVIVKEVIAKVVEGVDITKADILVGAGRGAEDCLDMVQAVAEELGGELCASRAVVDDGFADKAIQVGQTGKTVRPSLYIACGISGACQHVAGMEKSDMIIAINRDPQAEIFSIANMGFIGDVKEILPLLKDEIIAAKKG
RCHGF003503	650013297_EtfA	342	1	342	342	8	97.661	100	0	0	0	MAKFEGYKDIYVFVEQKNGEVANVGYELISEARKLVASIPQMNFQVVGVLLGHNIKDKANDVIAHGADKVIVVDDALLEGYSTQFYADALTQVINNFKPDSFLTGATVLGRDLAPRVAARLNAGLTADATKIEIDQEKAKDGEALLLVTRPTFGGNLFGTIVCPDTRPQMATIRPNVFSMDAVDASRTGEVIEFAPAWTDTDPKVIVKEVIAKVVEGVDITKAEILVGAGRGAEDCLDMVQAVAEELGGEMCASRAVIDDGFADKAIQVGQTGKTVRPSLYIACGISGACQHVAGMEKSDMIIAINRDPQAEIFSIANMGFIGDVKEVLPLLKDEIIAAKKG
RCHGF003504	650271031_EtfB	262	1	262	262	0	100	100	0	0	0	MKIIVLVKQVPDSTEIRVDKVTGTLIRAGVPSIINPDDLAGVEAALQLKEKYGATVTIISMGPPQATGMLKELYARGVDECILITDRKFAGADTCATSSTLAAALNKTGYDLIIAGRQAIDGDTAQVGPQTAERLGIPQVTYVDDIIELSDTAVTVRKSLEDSEEIIEAKLPCVLTTLSGMNEPRYMNCNDIVDSFSKEVNVMTFDDLGIDESIVGLAGSPTKVHATFTKEVSAETETFDLPAAEAAKLIAKTLKDKQIITK
RCHGF003504	650013298_EtfB	262	1	262	262	1	99.618	100	0	0	0	MKIIVLVKQVPDSTEIRVDKVTGTLIRAGVPSIINPDDLAGVEAALQLKEKYGATVTIISMGPPQATGMLKELYARGVDECILITDRKFAGADTCATSSTLAAALNKTGYDLIIAGRQAIDGDTAQVGPQTAERLGIPQVTYVDDIIELSDTAVTVRKSLEDSEEIIEAKLPCVLTTLSGMNEPRYMNCNDIVDSFSKEVKVMTFDDLGIDESIVGLAGSPTKVHATFTKEVSAETETFDLPAAEAAKLIAKTLKDKQIITK
RCHGF003504	641395779_EtfB	262	1	262	262	31	88.168	100	1.06E-171	0	0	MKIIVLVKQVPDSTEIRVDKVTGTLIRAGVPSIINPDDLAGVEAALQLKEEKGATVTIVTMGPPMAADMLKELYARGVDECILVTDRAFAGADTCATSSTLAAVLEKTGYDLIIAGRQAIDGDTAQVGPQTAERLGIPQVTYVDEIIDLTDTIVTVKKSLEDCEEILEAKLPCVLTTLSGMNEPRYMNCNDIVDSFSKEVKIMTFNDLGIDASLVGLAGSPTKVHHTFTKEVTAETETYTLPAGEAAKLIATTLKEKQLITK
RCHGF003505	650271032_Bcd	379	1	379	379	0	100	100	0	0	0	MDFMLTEQQQMMKKLFAEFAEKEVKPLAAEVDEDERFPRENVEKMKACKMMGIPFSREYGGAGADYLSYILAVEELSKKCGTTGVVLSAHTSLGTWPIEHFGTEEQKNKYLPDLCTGKKLAAFGLTEPNAGTDAAGQQTTAVKDGDDYILNGTKIFITNAGEADVYVIFAMTDKTKGTHGISAFIVEKGMPGFTVGQHEKKLGIRGSATSELIFNNVRLSKDHLLGQEGKGFKIAMMTLDGGRIGIAAQALGIAQGAIDETVPYVKARKQFGRSIAKFQNTQFQLADMQVKTDAARWLVYDAAMKKEKGLPYSVEAAKAKLFAAEVAMEVTTKAIQLMGGYGYTRDYPVERMFRDAKITEIYEGTSEVQRMVISGAMLK
RCHGF003505	650013299_Bcd	379	1	379	379	4	98.945	100	0	0	0	MDFMLTEQQQMMKKLFAEFAEKEVKPLAAEVDEEERFPRENVEKMKACKMMGIPFSREYGGAGADYLSYILAVEELSKKCGTTGVVLSAHTSLGTWPIEHFGTEEQKNKYLPDLCTGKKLAAFGLTEPNAGTDAAGQQTTAVKDGDGYILNGTKIFITNAGEADVYVIFAMTDKTKGTHGISAFIVEKGMPGFTVGQHEKKLGIRGSATSELIFNNVRLGKEHLLGQEGKGFKIAMMTLDGGRIGIAAQALGIAQGAIDETVPYVKARKQFGRSIAKFQNTQFQLADMQVKTDAARWLVYDAAMKKEKGLPYSVEAAKAKLFAAEVAMEVTTKAIQLMGGYGYTRDYPVERMFRDAKITEIYEGTSEVQRMVISGAMLK
RCHGF003505	641395778_Bcd	379	1	379	379	50	86.807	100	0	0	0	MDFNLTEQQKMMKKLFSEFAEKEVKPLAGEIDEEERFPRETVDKMVACKMFGIPFSREYGGAGADYLSYILAVEELSKVCATTGVILSAHTSLGTFPIDAFGTPEQKAKYLPDLCSGKKLGAFGLTEPNAGTDAAGQQTTAVKDGDDYIINGSKIFITNAGEADIYVIFAMTDKSQGTRGISAFILEKGMPGFTIGKHEKKLGIRASATCELIFNNVRVSKDHLLGQEGKGFKIAMQTLDGGRIGIAAQALGIAQGAIDEAVAYVKSRKQFGRPIAKFQNTQFQLADMQTKTDAARLLVYNAAMAKENGQPYTFAAAEAKLFAAEVAMEVTTKAVQLLGGYGYTRDYPVERMFRDAKITEIYEGTSEVQRMVISGQMLK
RCHGF003506	650271033_Thl	402	1	402	402	0	100	100	0	0	0	MRKAYVVAAKRSAIGSFMGGLTNMPLVDLGAAVLSRTIEEAGIDPANIDEVIVGNVIAAGLGQNIGRQVSIKAGVPVEVCAQSLNMLCGSGLKAVMEATMRIQCGFGDIFVAGGVESMTNAPYLVPSKVRNGVKMGDMKMVDSMLHDGLTDGMYGIHMGVTADNIAKKYSISREDQDAFAYASQQKAIAAIDSGRFQDEIVPVEVPGRKGSVTVFDTDEHPNRASTPEKLAKLRPAFTKDGTVTAGNASGINDGASFTIIASEDAVKKHNLTPLAEVIGIGQGGVDPRVMGLGPTPAILHALKYADLCIEDMELVELNEAFAAQSLGVIHELEEATGMDRNAFMEKTNVNGGAIALGHPVGASGNRILVSLLHEMQKRDLKIGLASLCIGGGQGAAVIIKRV
RCHGF003506	650013300_Thl	402	1	402	402	11	97.264	100	0	0	0	MRKAYVVAAKRSAIGSFMGGLTNLPLVDLGAAVLSKTIEEAGIDPANIDEVIVGNVIAAGLGQNIGRQVSIKAGVPVEVCAQSLNMLCGSGLKAVMEATMRIQCGFGDIFVAGGVESMTNAPYLVPSKVRNGVKMGDMKMVDSMLHDGLTDGMYGIHMGVTADNIAKKYSISREDQDAFAYASQQKAIAAIDSGRFQDEIIPVEVPGRKGSVTVFDTDEHPNRASTPEKLAKLRPAFTKDGTVTAGNASGINDGASFTIIASEDAVKKYNLTPLAEVIGIGQGGVDPRVMGLGPTPAILHALKYADLKIEDMELVELNEAFAAQALGVIHELKEATGMDRSTFMEKTNVNGGAIALGHPVGASGNRILVSLLHEMQKRDVSIGLASLCIGGGQGAAVIIKRV
RCHGF003507	650271034_Thl	401	1	401	401	0	100	100	0	0	0	MRKTYVVSAKRSAIGSFLGSLTTVKPVDLGATVVKALLEDGKVAPEQVDELLCGNVLSAGLGQNIGRQVALAAGIPESVCSHSVNMVCGSGLRTVMEGVMSIQTGFNDIVVAGGVESMSGAPYLIPANTRTGNKMGDFKCVDHMIYDALTDAMNGIHMGVTAENIAKKYNITREMQDAFGYASQQKAIAAVDSGRFKDEIVPVEVKLRKETIVFDTDEHPNRKSTPEKMAKLRPAFVKDGSVTAANASGINDGASFVLLASEEAVEKYNLTPLCEVVGIGQGGVDPLTMGLGPTPAIRNALKYADMKLDEVELVELNEAFAAQSLGVVHELVEEHGIDREAFLEKTNVNGGAIALGHPVGASGNRILVTLIHEMIKRDAKSGLASLCIGGGQGTAVIVKRP
RCHGF002689	650078696_Bcd	638	1	631	637	103	82.889	99	0	3	6	MLFTTTQEHEELRRKIREFAEGEIKPQAFLLDQNNEFPAEAVEKLGKMGLMGIPYPKEYGGAGMDILSYAIAVEELSRVDGGAGVILSAHVSLGSWPIFAFGTEEQKQKYLVPLARGEKIGAFGLTEPNAGSDAGGTETTAVLKGDYYLLNGGKIFITNAPKADTYVVFAVTTPDIGTRGISAFIVEKGWEGFEFGDHYDKMGIRSSSTAELIFNDVKVPKENLLGKEGEGFKIAMATLDGGRIGIASQALGIAQGAYENALEYSKERIQFGKPICQQQIVSFKLADMATKLRCARFLIYSAAELKEQHVPYGMESAMAKQYASDIALEVTNDALQIFGGSGYLKGMEVERAYRDAKITTIYEGTNEIQRVVIASHIIGKMPKESGGGGAKHMKKPAPITGLRKKQILKEGKAQEKVDTLVAALKKDGFDFSVGIPLDTPIPQAERVVSAGKGIGDKKNMKLIEALAVQAGAAIGSSRPVAETLKYVPLNRYVGMSGQKFTGNLYIACGISGATQHLKGIKDASIIVAINKNANAPIFKNCDYGIVGDVMEILPLLTAALDNGEAKQPAPPMIKMKRPQLPKEKPIGKTYVCGGCGYEYNPAEGDPDNDIAPGTLFEKLPEDWVCPECAEGKDMFIE
RCHGF002689	650081546_Bcd	638	1	631	637	104	82.732	99	0	3	6	MLFTTRQEHEELRRKIREFAEGEIKPQAFLLDQNNEFPAEAVEKLGKMGLMGIPYPKEYGGAGMDILSYAIAVEELSRVDGGAGVILSAHVSLGSWPIFAFGTEEQKQKYLVPLARGEKIGAFGLTEPNAGSDAGGTETTAVLKGDYYLLNGGKIFITNAPKADTYVVFAVTTPDIGTRGISAFIVEKGWEGFEFGDHYDKMGIRSSSTAELIFNDVKVPKENLLGKEGEGFKIAMATLDGGRIGIASQALGIAQGAYENALEYSKERIQFGKPICQQQIVSFKLADMATKLRCARFLIYSAAELKEQHVPYGMESAMAKQYASDIALEVTNDALQIFGGSGYLKGMEVERAYRDAKITTIYEGTNEIQRVVIASHIIGKMPKESGGGGAKHMKKPAPITGLRKKQILKEGKAQEKVDTLVAALKKDGFDFSVGIPLDTPIPQAERVVSAGKGIGDKKNMKLIEALAVQAGAAIGSSRPVAETLKYVPLNRYVGMSGQKFTGNLYIACGISGATQHLKGIKDASIIVAINKNANAPIFKNCDYGIVGDVMEILPLLTAALDNGEAKQPAPPMIKMKRPQLPKEKPIGKTYVCGGCGYEYNPAEGDPDNDIAPGTLFEKLPEDWVCPECAEGKDMFIE
RCHGF002689	641894183_Bcd	632	1	632	633	102	83.57	99	0	2	2	MLFQTTEAHEALRAKVREFAETEVKPLTFLLDKENEFPTEAIEKFAKMGMMGLPYPKEYGGAGSDVLSYAIAVEELSRVDGGTGVILSAHVSLGSYPIFAFGTEEQKQKYLVPLASGEKLGAFGLTEQNAGSDAGGTETTAVLEGDHYVLNGGKIFITNADKADTYVVFAVTTPDIGTHGISAFIVEKGWEGFTFGDHYDKMGIRSSSTAELIFNDVKVPKENLLGKEGEGFKIAMSTLDGGRIGIAAQALGIAQGAYENALEYSKEREQFGRPICQQQAIAFKLADMATKLRTARLLVYSAADLKENHEPYGLESAMAKQYTSDICLEVVNDALQIFGGTGYLKGMDVERAYRDAKICTIYEGTNEIQRVVIASHIIGKMPKNQPAR-KKGAETGVRKKMILKDGSAEERVDAVVEALKKDGYDFTVGIDLDTPISKADRVVSAGKGIGPKENMKLIEDLAVQAGAAIGSSRPVAETLKYVPINRYVGMSGQKFNGNLYIACGISGAGQHLKGIKDATTIVAINTNANAPIFKNADYGIVGDVEEILPLLTQALDNGEPKQPAPPMKKMKRAKPKKTVPTWKRYVCNGCGYEYDPANGDPEGEIDPGTLFEKLPEEWICPDCGEAKDMFIEV
RCHGF003500	641395783_AlternativeTransferases	510	5	514	510	66	87.059	99	0	0	0	MSLEQAVAMIPDNATVGVGGFIGCGHPQEFSVGIEESFLKSGHPNNLTIMFSAGIGDGTDKLGLNKLGHEGLLKRIIGGHWGLIPKLQKMVFENKVEGYNLPLGTISLMFRDIAGHRAGTFTKIGLKTFVDPRIEGAKMNARSTEDLIEVVNIDNEEWLRYKPFPVNVALIRATYCDENGNATMEKEAATLDSLAIAQAAKNSGGIVLLQVEKVVANGTLDPRMVKIPGIYVDAIVVSRPENHMQTYAEQYNPALSGEVKVPVNSIAPMPLNERKIICRRAAMELDPNCVINLGIGMPEGIANVANEEGLPGLKLTVEAGGIGGVPMAGTAFGTCTNPDAIIDQPYQFDFYDGGGLGQAFLGLAECDKDGNINVSRFGPKIAGCGGFINITQTSPVVVYCGTFTAGGLKIAIEDGKLQILNEGRIKKFKDSVEQITFSAEYATETGQKVMYVTERAVFELLDGKLTLTEIAPGIDLENDVLAHMEFRPAIAENLKLMDERLFQPEIMGLK
RCHGF003502	641395781_Hbd	290	4	279	276	15	94.565	99	0	0	0	VGVIGAGTMGQGIANAFASNGYDVTVCDIKIEWAQGGIDKIAGKMDKLVAREKMTAEKAAEVKANLKAGVYEDLADCDLIVEAVLEKMEVKKDLFTKLDEICKDSCIFGTNTSSLSITEIATGIKHNVIGMHFFNPADRMKLVEVISGINTPVETKEAILEISKSLGKTPVEVAEGPGFVVNRILIPMINEAAFILQEGIASVEDIDTAMKLGANHPMGPLALGDLIGLDIVEAIMDVLYNETKDSKYRCCTLIRKMVRGKKLGQKTGVGFYDYSK
RCHGF003503	641395780_EtfA	340	1	341	341	31	90.323	99	0	1	2	MAKFEGYKDIYVFVEQKNGEIANVGYELISEARKLVASIPHMNFDVVGVLLGHNIKDKANDVIKHGADKVIVVDDELLATYSTQFYADALTQVINAFKPDSLLTGATVLGRDLAPRVAARLNAGLTADATKIEMDPEK--EDEALLLVTRPTFGGNLFGTIICPDTRPQMATIRPNVFSMDPVDESRTGEVIEFTPEFTDKEAKVVVKEVIEKVVEGIDITKCDILVGAGRGAEDCLDMVAAVAEELGGAMCASRAVVDDGLADKAIQVGQTGKTVRPSLYIACGISGACQHVAGMEKSDMIIAINRDPQAEIFSIANMGFVGDVKEILPLLKEEIIAAKK
RCHGF003506	643183971_Thl	401	1	400	400	81	79.25	99	0	2	2	MRKAYIVAAKRSAIGTFLGSLTDVDLATVGATVLKETIKQANIDPANLDEVIIGNVIAAGLGQNIARHVAFDAGIPVEVCAQSINMLCGSGLKAVMEATLRIQANFGDLYVAGGVESMTRAPFMLSYKNRTGTKMGDQKLVDAMLHDGLTDAMYGIHMGCTADNIAKKYNISREAQDEFAFASQEKALAAIAAGKFKDEIVPITYKTRKGEV-VFDTDEHP-RKTSLEKLAKLRPAFNADGTVTAGNASGINDGASFTIVASEDAVKKYNLTPIAEVIGFGQGGVDPRVMGLGPTPAILNALKYADLKIEDLDLVELNEAFAAQSLGVIHELEEATGMDREAFLAKTNVNGGAIALGHPVGASGNRILVSLLYEMQKRKSKIGLASLCIGGGQGAAVIVK
RCHGF003507	641395777_Thl	400	1	400	400	47	88.25	99	0	0	0	MKKTYVVSAKRSAIGSFLGSLTTVNPADLGATVVKALLEDANVAPENVDEVLCGNVLGAGLGQNVGRQVAIKAGIPETVCAHSVNMVCGSGLRTVMEGVMSIQTGFNDIVVAGGVESMSGAPYLIPANTRTGNKMGDFKVVDHMIYDALTDAFDNIHMGITAENIADKYGITREMQDEFAYASQTKAIAAVDSGRFKDEIVPVEVKLRKEVVTFDTDEHPNRKSNPEKLAKLRPAFKKDGTVTAGNASGINDGASFVLLASEEAVEKYNLTPICEIVGIGQGGVDPKVMGLGPTPAIRHALQNANMKLDEIELVELNEAFAAQSLGVIHELVEEHGIDREAFMAKTNVNGGAIALGHPVGASGNRILVSLIHEMVKRNAKTGLASLCIGGGQGTAVIVKR
RCHGF003507	650208649_Thl	404	1	399	399	95	76.19	99	0	0	0	LRKVYLIGAKRTAIGSFLGGLSTVKPKDLGSEVVKVLLKESNVKAEDVNELICGNVLGAGLGQNIARTIALEAGIPQTVCSHATNMVCGSGLRSVMEAHMSIQTGFNDIVIAGGVESMSLAPYLVPANTRTGNKMGNWQVVDHMIYDALTDARANIHMGITAENIAEKYNITREQQDEFAYASQQKAIKAVDSGQFKDEIVPITIHGKKGDTIFDTDEHPNRTSTPEKLAKLRPAFKEGGTVTAGNASGINDGASFVLLASEEAVKKHNLKPLAEIIGIGQGGVDPLTMGLGPVPAIRNALKYAGLKLSDIDLIELNEAFAAQSLGVIHELIEEHGIKREDLLAKTNVNGGAIALGHPVGASGNRIFVTLIHEMMKSKKKIGLASLCIGGGQGVAVIIK
RCHGF001361	648896732_AbfH	371	12	375	372	221	37.634	97	3.43E-75	6	11	LLKLKSRLHRFEYFADFAKEFELGDKDLVITNEFLYEPFMKSLGL-KCHFVMQEKYGLGEPSDEMMNSILADIKKVDFGRIIAIGGGTVIDISKLFVLKNLDNVTDAFERRIPLIKDKELVILPTTCGTGSEVTNISIAEIKAKQTKMGLADDTLFADDAVLIPELLRGLPFRFYAASSIDALIHAMESYVSPKANPYTQLYSKAAMEIIIDVFDKIARHGEEYRFQRFGDMLVASNYAGIAFGNAGVGAVHALSYPLGGNYHVPHGEANYQFFTEIFKLYRTK-APKGTIE-TLEGIVADILHSPVADVYDNLDKLLSHLLQKKPLKKYGMTEADIDLFTENVIATQQRLLANNYTSLTKEDIRNVYKKLF
RCHGF001550	650013294_AlternativeTransferases	515	12	520	513	260	48.148	97	3.45E-166	5	6	KVISIEQAVSMIPDGAAIGIGGFIG-SGHPQEFSVGIEESFLKSGHPKDLTIMFSAGIGDGTDRLGLNKLGHEGLLKRIIGGHWGLIPKLQKLVFENKVEGYNLPLGTISLMFRDIAGHRPGTITKVGLKTFVDPRIEGAKMNERSKEDLVELMHIDGEEWLRYKSFPLNVALIRATYCDEDGNATMEKEAATLDSLSIAQAAKNSGGIVLLQVEKVVQNGTLDPRKVKIPGIYVDGIVVARPENHWQTYANPYDPALSGEVKVPVNSIAPMKLNERKVICRRAAMELDPAAIINLGIGMPEGIANVANEEGLP-GLKLTVEAGGIGGVPNAGTAFGTCTNPDAIIDQPYQFDFYDGGGLDQAFLGLAECDCSGNINVSRFGPKIAGCGGFINITQTSPVVVYCGTFTAGGLKVEVRDGKLHILQEGRIKKFKKEVEQITFSAEFATETGQKVLYVTERAVFELLDGKLTLTEIAPGVDLEQDVLGQMEFKPAVAEHLKTMDERLFRDELMGL
RCHGF003613	640158182_AbfH	372	8	384	395	252	23.544	97	6.44E-13	13	50	VVPKIFYF--DTFKEFNEEFKIGKNDLV-------ITNEFIYEPYMKPLGIDTNLIFQEKFGTGEPSDEMIDSMTKEMKKYNFDRIIAFGGGTIVDICKILALDVPEKSIDLFEGEVLPKKVKELVVVPTTC-----GTGSEVTNVAIAELKSKHTKKGLAV-EETYADYAVLIPETIKGLPYKFFVTSSVDALIHAIESYLSPKASPFTEMYSLQAIKMIM-DGYKKIVDKGE-EERFNHLRDFVLASNYAGIAFGNAGCAAVHALSYSIGGAFHVAHG-------EANYQF--------FTEVFKMYSRKKPNGKIIKCTKILADALECDPNCDVYGELEKFLNKLIAKKALREYGMVESQIDEFTDSTIANQQRLLANNYVELSREEIREIF
RCHGF001361	645627922_AbfH	371	12	371	373	217	36.193	96	1.07E-75	5	21	LFKLSTKLHRSETFAEFAKDFELNEHDLVLTNEFIYQPFMEKLGLPCRFVMQ-EKYGQGEPSDEMMNSILRDLGGASFRRVIAIGGGTVIDIAKLFVIKDLTDVMDAFDHKIPLIKDRQLVIIPTTCGTGSEVTNISIAEIKSRHTKMGLADDVIVADDAVIIPELLAGLPFRFYAASSIDALIHAVESYVSPKCNPYTRVFSVAAMDTIIDVFKKIAATS--PEERHKYAADMLIAANMAGIAFGNAGVGAVHALSYPLGGNYHVPHGEANYQFFTEVFKLYHAKDP-----KGAIAPLEAHLAELLGSTVENVYDALDGLLGQLISRKPLKEYGMKPEECRGFAESVLVTQQRLLKNNYVPFSVDEIEGIY
RCHGF001361	644722222_AbfH	371	12	371	373	217	36.193	96	1.07E-75	5	21	LFKLSTKLHRSETFAEFAKDFELNEHDLVLTNEFIYQPFMEKLGLPCRFVMQ-EKYGQGEPSDEMMNSILRDLGGASFRRVIAIGGGTVIDIAKLFVIKDLTDVMDAFDHKIPLIKDRQLVIIPTTCGTGSEVTNISIAEIKSRHTKMGLADDVIVADDAVIIPELLAGLPFRFYAASSIDALIHAVESYVSPKCNPYTRVFSVAAMDTIIDVFKKIAATS--PEERHKYAADMLIAANMAGIAFGNAGVGAVHALSYPLGGNYHVPHGEANYQFFTEVFKLYHAKDP-----KGAIAPLEAHLAELLGSTVENVYDALDGLLGQLISRKPLKEYGMKPEECRGFAESVLVTQQRLLKNNYVPFSVDEIEGIY
RCHGF001550	650271027_AlternativeTransferases	515	12	516	509	258	48.134	96	4.55E-165	5	6	KVISIEQAVSMIPDGAAIGIGGFIG-SGHPQEFSVGIEESFLKSGHPKDLTIMFSAGIGDGTDRLGLNKLGHEGLLKRIIGGHWGLIPKLQKLVFENKVEGYNLPLGTISLMFRDIAGHRPGTITKVGLKTFVDPRIEGAKMNERSKEDLVELMHIDGEEWLRYKSFPLNVALIRATYCDEDGNATMEKEAATLDSLSIAQAAKNSGGIVLLQVEKVVQNGTLDPRKVKIPGIYVDGIVVARPENHWQTYANPYDPALSGEVKVPVNSIAPMKLNERKVICRRAAMELDPAAIINLGIGMPEGIANVANEEGLP-GLKLTVEAGGIGGVPNAGTAFGTCTNPDAIIDQPYQFDFYDGGGLDQAFLGLAECDCSGNINVSRFGPKIAGCGGFINITQTSPVVVYCGTFTAGGLKVEVKDGKLHILQEGRIKKFKQEVEQITFSADFATETGQKVLYVTERAVFELLDGKLTLTEIAPGVDLEKDVLGQMEFKPAVADNLKTMDERLFREE
RCHGF001550	641395783_AlternativeTransferases	510	14	520	511	266	46.771	96	1.61E-161	4	6	MSLEQAVAMIPDNATVGVGGFIG-CGHPQEFSVGIEESFLKSGHPNNLTIMFSAGIGDGTDKLGLNKLGHEGLLKRIIGGHWGLIPKLQKMVFENKVEGYNLPLGTISLMFRDIAGHRAGTFTKIGLKTFVDPRIEGAKMNARSTEDLIEVVNIDNEEWLRYKPFPVNVALIRATYCDENGNATMEKEAATLDSLAIAQAAKNSGGIVLLQVEKVVANGTLDPRMVKIPGIYVDAIVVSRPENHMQTYAEQYNPALSGEVKVPVNSIAPMPLNERKIICRRAAMELDPNCVINLGIGMPEGIANVANEEGLP-GLKLTVEAGGIGGVPMAGTAFGTCTNPDAIIDQPYQFDFYDGGGLGQAFLGLAECDKDGNINVSRFGPKIAGCGGFINITQTSPVVVYCGTFTAGGLKIAIEDGKLQILNEGRIKKFKDSVEQITFSAEYATETGQKVMYVTERAVFELLDGKLTLTEIAPGIDLENDVLAHMEFRPAIAENLKLMDERLFQPEIMGL
RCHGF003536	637263689_Ptb	298	4	309	310	198	25.484	95	1.11E-18	8	33	LYEHVKNLPPKVIAVAQAADEDVLEAIKEAHEKGIVRAILVGDKEKIERIASSIGMSLKDHEIVEAKS-------------------NLDACREAVRLVSE--------GKADILMKGLV-QTAEILRVVLDKEIGLRTGRTLSHVAVFESPYNRLILLTDAAMNIAPDLKVKIDIILNAIDVARQIGIDAPRVAILGAVETVNPDMQATLDAAILSKMSERGQIKGAIIDGPLALDNALSVEAARHKGIVSPVAGNADILVVPDIEAGNILYKAITYIAQRKIAG-IIMGAKKPIVLTSRADSSDAKFN
RCHGF000021	640775297_Bcd	634	4	52	49	27	44.898	94	1.22E-12	0	0	YVCNGCGYEYDPGVGDLEGEVNPGTLFENLPEEWTCPACGEEKDMFIEV
RCHGF001173	637263689_Ptb	298	5	310	315	188	26.349	94	9.17E-14	13	44	LYEHVKNLPPKVIAVAQAADEDVLEAIKEAHEKGIVRAILVGDKEKIERIASSIGMSLKDHEIVEA-----------------KSNLD--ACREAV--------RLVSEGKADILMKG-LVQTAEILRVVLDKEIGLRTGRTL-SHVAVFESPYNRLILLTDAAMNIAPDLKVKIDIILNAIDVARQIGIDAPRVAILGAVETVNPDMQATLDAAILSKMSERG-QIKGAIID----GPLALDNALSVEAARHKGIVSPVAGNADILVVPDIEAGNILYKAITYIAQRKIAG-IIMGAKKPIVLTSRADSSDAKF
RCHGF003908	646336052_Buk	359	3	375	386	243	24.611	94	1.12E-13	17	48	KILTINPGSTSTKIAVFDN----------------EDLVFEKTLRHSSEEIGKYEKVSDQFEFRKQVIEEALKEGGVKTSELDAVVGRGGLLKPIKGG-TYSVSAAMIEDL--KVGVLGEHAS--NLGGIIAKQIGEEVNVPS----YIVDPVVVDELEDVARISGMP-------EISRASVVHALNQKAIARRYAREINKKYEDINLIVAHMGGGVSVGAHKNGKIVDVANALDG-EGPFSPERSGGLPVGALVKMCFSGKYTQDEIKKKIKGNGGLVAYLN-TNDAREVEERIEAGDEKAKLVYEAMAYQISKEIGASAAVLKGDVKAILLTGGIAYSKM-FTEMIADRVKFIADVKVYPGEDEMIALAQGGLRVLTGEEEAQV
RCHGF003908	642240682_Buk	359	3	375	386	243	24.611	94	1.12E-13	17	48	KILTINPGSTSTKIAVFDN----------------EDLVFEKTLRHSSEEIGKYEKVSDQFEFRKQVIEEALKEGGVKTSELDAVVGRGGLLKPIKGG-TYSVSAAMIEDL--KVGVLGEHAS--NLGGIIAKQIGEEVNVPS----YIVDPVVVDELEDVARISGMP-------EISRASVVHALNQKAIARRYAREINKKYEDINLIVAHMGGGVSVGAHKNGKIVDVANALDG-EGPFSPERSGGLPVGALVKMCFSGKYTQDEIKKKIKGNGGLVAYLN-TNDAREVEERIEAGDEKAKLVYEAMAYQISKEIGASAAVLKGDVKAILLTGGIAYSKM-FTEMIADRVKFIADVKVYPGEDEMIALAQGGLRVLTGEEEAQV
RCHGF000102	647529175_AbfH	388	19	378	374	254	21.925	93	3.85E-15	12	38	FDTFKEFNEEFKIGKNDLVITNEFIYEL----YMKPLGIDTNLIFQEKFGT-GEPSDEMIDSMTKEMKKYNFDRIIAFGGGTIVDICKILALDVP--EKSIDLFEGEVPPKKIKELVVVPTTCGTGSEVTNVAIAELKSKHTKKGLAVEETYADYAVLIPETVKGLPYKFFVTSSVDALIHAIESYLSPKASPFTEMYSLQA-IKMIMDGYKKIVDKGEEERFNHLRD------FVLASNYAGIAFGNAGCAAVHALSYSIGGAFHVAHGEANYQFFTEVFKMYSRKKPNGKIIKCTKILADALECDPNCDVYGE----------LEKFLNKLIAKKALREYGMVEAQIDEFTDSTIANQQRLLANNYVELNRE
RCHGF000102	642843769_AbfH	372	19	378	374	255	21.658	93	2.05E-14	12	38	FDTFKEFNEEFKIGKNDLVITNEFIYE----PYMKPLGIDTNLIFQEKFGT-GEPSDEMIDSMTKEMKKYNFDRIIAFGGGTIVDICKILALDVP--EKSIDLFEGEVPPKKIKELVVVPTTCGTGSEVTNVAIAELKSKHTKKGLAVEETYADYAVLIPETVKGLPYKFFVTSSVDALIHAIESYLSPKASPFTEMYSLQA-IKMIMDGYKKIVDKGEEERFNHLRD------FVLASNYAGIAFGNAGCAAVHALSYSIGGAFHVAHGEANYQFFTEVFKMYSRKKPNGKIIKCTKILADALECDPNCDVY----------GELEKFLNKLIAKKALREYGMVEAQIDEFTDSTIANQQRLLANNYVELNRE
RCHGF000102	647509161_AbfH	388	19	378	374	255	21.658	93	2.08E-14	12	38	FDTFKEFNEEFKIGKNDLVITNEFIYE----PYMKPLGIDTNLIFQEKFGT-GEPSDEMIDSMTKEMKKYNFDRIIAFGGGTIVDICKILALDVP--EKSIDLFEGEVPPKKIKELVVVPTTCGTGSEVTNVAIAELKSKHTKKGLAVEETYADYAVLIPETVKGLPYKFFVTSSVDALIHAIESYLSPKASPFTEMYSLQA-IKMIMDGYKKIVDKGEEERFNHLRD------FVLASNYAGIAFGNAGCAAVHALSYSIGGAFHVAHGEANYQFFTEVFKMYSRKKPNGKIIKCTKILADALECDPNCDVYGE----------LEKFLNKLIAKKALREYGMVEAQIDEFTDSTIANQQRLLANNYVELNRE
RCHGF002917	642767495_EtfA	442	3	58	57	30	45.614	93	8.68E-09	1	1	KAAVLEGRCIACGARCQSACPVDAIQMNEAGEPVIDASKCIGCVKCVKVCPAQAIEM
RCHGF003662	644101755_Hbd	300	7	107	112	65	29.464	93	1.28E-06	3	14	IGAGTMGQGIAKAFAQVDGYEVALCDIKQEWAEGGKAKIAKGYDRLVQKGKLTQEAVDAILAKITPGLKEDL---CADCDLIVEAAFENMEVKKTTFSELDKIAKPECIFAS
RCHGF000021	650078696_Bcd	638	4	51	48	22	54.167	92	1.15E-12	0	0	YVCGGCGYEYNPAEGDPDNDIAPGTLFEKLPEDWVCPECAEGKDMFIE
RCHGF000021	650081546_Bcd	638	4	51	48	22	54.167	92	1.17E-12	0	0	YVCGGCGYEYNPAEGDPDNDIAPGTLFEKLPEDWVCPECAEGKDMFIE
RCHGF001173	644369220_Ptb	348	5	302	308	180	27.273	92	5.2E-14	12	44	IVSKVKEFETKTVAVANAQDDAVLEAVHEAKKRGIANAVLVGDEEKIRAIAEKLGMDPAGFEVIDE---KDPIQACRRAVQLAHDGKVD----------------MYMK-----GLI-----DSKDFLRSVLDKEVGLRTGKPLSHVCVFDLPFADQLLFLTDVAFMTYPTLEDKVHIINNTVPVCRACGIEVPKVAVLAAVEVVNPK----MPVTVEAAELTRMNDEGKITGCIVDGPLSLDLAIDPEAARHKGATNRKIQGDADILLFPDIHAGNLCYKAVVRIDGMKN-GCILTGTKVPVILTSR
RCHGF003536	637912163_Ptb	303	7	302	301	187	26.246	92	9.84E-16	10	35	EVLTPSQKIAVAAAHDKPVLEAVFKAKELGVALPILVGDEGKIRRYAEEMGIDLADSPLVH-EPNVRKAAL-------------------------YASNLVRE-GQADLLMKGML-QTAEILRAVLDKEKGLREGSTLSHIAIIEVPSLNRLLLITDAGMNIAPDIKQKADIIRNAVTVARALGVEQPKVAALSALEVVNPDMPSTLDAAVLTQMNRRGQIKDCLVDGPFALDNAVNAERAEHKGIRGSEVAGQADILLVPNIETGNAIYKAATCLASFRSAGLVF-GAKAPI-ILPSRA
RCHGF001173	644101758_Ptb	305	8	303	304	181	26.645	91	1.3E-13	10	42	QIQKTLKKVSVSNAQDEPVLQAVKAAKEQNIATAILVGDEAKIREIAASIDMDLTDFEI---INEPDTEAAALKAVEL------------------------VHNGKADILLKG-LLETKTFLKSVLNKEVGLRTGKMLSHVCVFEIEGINRLLFFTDVAFNTYPTLADKVNIINNAVEVAHACGIECPKVAPLCAVETVNPKMQPTVD-----ADNLTKMYEGGDFKGCQIYGPLSMDLAIDPEAAVHKGVTNPVAGHADILLFPNIDAGNITYKILVRTAKVK-IGNVLVGTSAPVVLTSRS
RCHGF003536	643563466_Ptb	303	14	302	294	187	24.49	89	4.38E-15	8	35	RIAVAAAHDKPVLEAVFKAKELGAALPILVGDEGKIRRYAEEMGIDLADSPLVH---------------------------EPNVRKAALYASNLVREGQADLLMKGML-QTAEILKAVLDKEKGLRAGSTLSHIAIIEVPSLNRLLLITDAGMNIAPDIKQKADIIRNAVTVARALGVEQPKVAALSALEVVNPDMPSTLDAAILTQMNRRGQIKDCLVDGPFALDNAVNAERAEHKGIRGSEVAGQADILLVPNIETGNAIYKAATCLASFRSAGLVF-GAKAPI-ILPSRA
RCHGF001011	651619898_AbfH	370	47	382	348	239	23.276	88	6.84E-15	11	28	IYEPYFADLHLPCRVVYQEEFGLGEPSDEMA---EALFASIPGNPQRVIAVGGGTIIDLSKLYALKTSRPVLDVFDGKIVPEKGKK---LIVVPTTCGTGSEVTNVSVLALLQRHTKKGLAVDALYADEAVLIPELLKTLPYKVFATSSIDALVHAVESALSPDANEITRMFSYKAIEKIIRAYRAVAAEGADTRFRYTKDFLTASNYA---GIAFGNAGCAAVHAMSYPFGGAYHVVHGESNYVIFTGVLKYYFQKRQDGEIAVLNAFLAELLSCN-------AAQVYEELDALLARILPQKALHEYGVTEADLQTFTQSVMENQGRLMAHNFVTLQAEDVYRIYKN
RCHGF001011	647376143_AbfH	370	47	382	348	240	22.989	88	1.52E-14	11	28	IYEPYFADLHLPCRVVYQEEFGLGEPSDEMA---EALFASIPGNPQRVIAVGGGTIIDLSKLYALKTSRPVLDVFDGKIVPEKGKK---LIVVPTTCGTGSEVTNVSVLALLQRHTKKGLAVDALYADEAVLIPELLKTLPYKVFATSSIDALVHAVESALSPDANEITRMFSYKAIEKIIRAYRAVAAEGADTRFRYTKDFLTASNYA---GIAFGNAGCAAVHAMSYPFGGAYHVVHGESNYVIFTGVLKYYFQKRQDGEIAVLNAFLAELLSCHTAQVY-------EELDALLARILPQKALHEYGVTEADLQTFTQSVMENQGRLMAHNFVTLQAEDVYRIYKN
RCHGF000917	637263689_Ptb	298	14	304	296	184	25.676	87	3.42E-17	9	36	IAVAQAADEDVLEAIKEAHEKGIVRAILVGDKEKIERIASSIGMSLKDHEIVE-------------------AKSNLDACREAVR--------LVSEGKADILMKGLVQ-TAEILRVVLDKEIGLRTGRTLSHVAVFESPYNRLILLTDAAMNIAPDLKVKIDIILNAIDVARQIGIDAPRVAILGAVETVNPDMQATLDAAILSKMSERGQIK--GAIIDGPLALDNALSVEAARHKGIVSPVAGNADILVVPDIEAGNILYKAITYIAQRKIAG-IIMGAKKPIVLTSRADSSD
RCHGF003908	642847744_Buk	356	3	343	347	219	24.784	86	9.5E-14	14	42	KLLIINPGSTSTKIGVYEDENQ------ILEE--------TLRHSSQEIESYKTIFDQFEFRKEVILNVLKEKNFDVNELDAIVGRGGLLKPIEGG-----TYRVNDAMIEDLKMGVQGQHASNLGGIIANEIGKNLNIP----AFIVDPVVVDEMKDIARISGMP-----EIK-RKSIFHALNQKAVAKRYAKENNKKYEELNLIVTHMGGGASVGTHEKGKVVDVNNALDG-EGPFSPERTGGLPVGDLVKLCYSGKYTYEEMKKKISGKGGVVAYLN-TNDFREVEERAEKGDKDAKLIVDAFIFQIAKEIGKNAAVLCGKVDAILLTGGIA-----YSKVICE
RCHGF002917	650420453_EtfA	418	8	58	51	31	37.255	85	2.72E-09	1	1	EDKCVGCGVCVTSCPFDALKMENDI-AVVDTEKCTMCGICVKKCNFDAMEI
RCHGF002917	650421892_EtfA	418	8	58	51	31	37.255	85	2.72E-09	1	1	EDKCVGCGVCVTSCPFDALKMENDI-AVVDTEKCTMCGICVKKCNFDAMEI
RCHGF001011	650869917_AbfH	371	72	381	325	220	22.154	81	5.62E-15	8	33	PSDEMMNNILADIRNIQFDRVIGIGGGTVIDISKLFVLKGLNDVLDAFDRKI---PLIKEKELIIVPTTCGTGSEVTNISIAEIKSRHTKMGLADDAIVADHAIIIPELLKSLPFHFYACSAIDALIHAIESYVSPKASPYSRLFSEAAWDIILEVFKKIAEHGP-----EYRFEKLGEMIMASNYA---GIAFGNAGVGAVHALSYPLGGNYHVPHGEANYQFFTEVFKVYQKKNPFGYIVELNWKLSKILNCQPEYVYPKLDELLGCLLS-------KKPLREYGMKDEEVKGFAESVLKTQQRLLANNYVELTVDEIEGIYR
RCHGF002411	640860253_AbfH	371	69	371	323	193	30.031	81	4.29E-35	10	33	PSDEMINNIIKDIGDKQYNRIIAVGGGSVIDIAKILSLKYTDDSLD---LF-EGKVPLV-------KNKELIIVPTTCGTGSEVTNVSVAELKRRHTKKGIASDELYATYAVLVPEFIKGLPYKFFVTSSVDALIHATEAYVSPNANPYTDMFSVKAMELILNGYMQMVEKGNDYRVEIIEDFVIGSNYAGIAFGNAGVGAVHALSYPIGGNYHVPHGEANYLFFTEIFKTYYEKNPNGKIKDVNKLLAGILKCDESEAYDSLSQLLDKLLSRKPLREYGMKEEEI-ETFADSVIEGQQRLLVNNYEPF-SREDIVNTYKKLY
RCHGF002411	643576912_AbfH	371	69	371	323	193	30.031	81	4.29E-35	10	33	PSDEMINNIIKDIGDKQYNRIIAVGGGSVIDIAKILSLKYTDDSLD---LF-EGKVPLV-------KNKELIIVPTTCGTGSEVTNVSVAELKRRHTKKGIASDELYATYAVLVPEFIKGLPYKFFVTSSVDALIHATEAYVSPNANPYTDMFSVKAMELILNGYMQMVEKGNDYRVEIIEDFVIGSNYAGIAFGNAGVGAVHALSYPIGGNYHVPHGEANYLFFTEIFKTYYEKNPNGKIKDVNKLLAGILKCDESEAYDSLSQLLDKLLSRKPLREYGMKEEEI-ETFADSVIEGQQRLLVNNYEPF-SREDIVNTYKKLY
RCHGF002411	647018977_AbfH	372	69	371	322	200	28.571	81	3.71E-33	7	30	PSDEMIDSMTKEMKKYNFDRIIAFGGGTIVDICKILALDVPEKSID---LFEGEVSP--------KKVKELVVVPTTCGTGSEVTNVAIAELKSKHTKKGLAVEETYADYAVLIPETVKGLPYKFFVTSSVDALIHAIESYLSPKASPFTEMYSLQAIKMIMDGYKKIVDKGEKERFNHLRDFVLASNYAGIAFGNAGCAAVHALSYSIGGAFHVAHGEANYQFFTEVFKMYSRKKPNGKIIKCTKILADALECDPNCDVYGELEKFLNKLIAKKALREYGMVESQIDEFTDSTIANQQRLLANNYVELSREEIREIFANLY
RCHGF000917	644273823_Ptb	259	13	280	271	170	24.723	80	9.71E-14	9	34	KVAVVCAQDEHTLEAVIKAYKEKLISPVLIGEKEGIEAILKKEGADLSGAEIID---ITDPSECARKACALAREGKVD-AIMKGHLDTKTL---MKVLVNKEDGI-------SISKVMNILAFMESPYYHKL-------------FTLTDVGLLTYP-TKEQKQMALENAVRAYKALGEKNPKIAVLSAM---EGVNSKLEQTVEAAEIKKEGIKGAIVEGPISLDLAMDKEACAIKGYESPVAGDADILLVPDIVAGNLAAKSMTVLGGV
RCHGF003662	645969063_Hbd	277	7	93	89	58	28.09	80	1.19E-06	2	6	IGAGTMGSGIAQAFAQVEGYEVVLCDINDEFAARGKEKLKKGFDKRIAKGKMEQAAADAILSKITTGTKEK----CGDCDLIIEAAIEN
RCHGF003662	645961768_Hbd	277	7	93	89	58	28.09	80	1.19E-06	2	6	IGAGTMGSGIAQAFAQVEGYEVVLCDINDEFAARGKEKLKKGFDKRIAKGKMEQAAADAILSKITTGTKEK----CGDCDLIIEAAIEN
RCHGF003613	640860253_AbfH	371	83	386	322	198	25.155	78	4.16E-14	11	43	DIGDK-QYNRIIAVGGGSVIDIAKILSLKYTDDSLDLFEGKVPLVKNKELIIVPTTC-----GTGSEVTNVSVAELKRRHTKKG-IASDELYATYAVLVPEFIKGLPYKFFVTSSVDALIHATEAYVSPNANPYTDMFSVKAMELILNGYMQMVEKGNDY--RVEIIEDFVIGSNYAGIAFGNAGVGAVHALSYPIGGNYHVPHG-------EANYLF--------FTEIFKTYYEKNPNGKIK-DVNKLLAGILKCDESEAYDSLSQLLDKLLSRKPLREYGMKEEEIETFADSVIEGQQRLLVNNYEPFSREDIVNTYKK
RCHGF003613	643576912_AbfH	371	83	386	322	198	25.155	78	4.16E-14	11	43	DIGDK-QYNRIIAVGGGSVIDIAKILSLKYTDDSLDLFEGKVPLVKNKELIIVPTTC-----GTGSEVTNVSVAELKRRHTKKG-IASDELYATYAVLVPEFIKGLPYKFFVTSSVDALIHATEAYVSPNANPYTDMFSVKAMELILNGYMQMVEKGNDY--RVEIIEDFVIGSNYAGIAFGNAGVGAVHALSYPIGGNYHVPHG-------EANYLF--------FTEIFKTYYEKNPNGKIK-DVNKLLAGILKCDESEAYDSLSQLLDKLLSRKPLREYGMKEEEIETFADSVIEGQQRLLVNNYEPFSREDIVNTYKK
RCHGF002537	640860253_AbfH	371	88	387	305	216	23.279	77	1.58E-15	9	18	KQYNRIIAVGGGSVIDIAKILSLKYTD--DSLDLFEGKVPLVKNKELIIVPTTCGTGSEVTNVSVAELKRRHTKKGIASDELYATYAVLVPEFIKGLPYKFFVTSSVDALIHATEAY-VSPNANPYTDMFSVKAMELILNGYMQMVEKGNDY--RVEIIEDFVIGSN--YAGIAFGNAGVGAVHALSYPIGGNYHVPHGEANYLFFTEIFKTYYEKNPNGKIKDVNKLLAGILKCDESEA----YDSLSQLLDKLLSRKPLREYGMK--EEEIETFADSVIEGQQRLLVNNYEPFSREDIVNTYK
RCHGF002537	643576912_AbfH	371	88	387	305	216	23.279	77	1.58E-15	9	18	KQYNRIIAVGGGSVIDIAKILSLKYTD--DSLDLFEGKVPLVKNKELIIVPTTCGTGSEVTNVSVAELKRRHTKKGIASDELYATYAVLVPEFIKGLPYKFFVTSSVDALIHATEAY-VSPNANPYTDMFSVKAMELILNGYMQMVEKGNDY--RVEIIEDFVIGSN--YAGIAFGNAGVGAVHALSYPIGGNYHVPHGEANYLFFTEIFKTYYEKNPNGKIKDVNKLLAGILKCDESEA----YDSLSQLLDKLLSRKPLREYGMK--EEEIETFADSVIEGQQRLLVNNYEPFSREDIVNTYK
RCHGF002537	651619898_AbfH	370	93	387	301	210	23.588	76	7.25E-14	9	20	VIAVGGGTIIDLSKL--YALKTSRPVLDVFDGKIVPEKGKKLIVVPTTCGTGSEVTNVSVLALLQRHTKKGLAVDALYADEAVLIPELLKTLPYKVFATSSIDALVHAVESALSPDAN-EITRMFSYKAIEKIIRAYRAVAAEGADTRFRYTKDFLTASNYAGI----AFGNAGCAAVHAMSYPFGGAYHVVHGESNYVIFTGVLKYYFQKRQDGEIA-----VLNAFLAELLSCNAAQVYEELDALLARILPQKALHEYGVT--EADLQTFTQSVMENQGRLMAHNFVTLQAEDVYRIYK
RCHGF003179	640860253_AbfH	371	92	383	297	217	21.886	76	3.99E-11	7	15	IIAVGGGSVIDIAKILS--LKYTDDSLDLFEGKVPLVKNKELIIVPTTCGTGSEVTNVSVAELKRRHTKKGIASDELYATYAVLVPEFIKGLPYKFFVTSSVDALIHATEAYVSPNANPYTDMFSVKAMELILNGYMQMVEKGNDYRVEIIEDFVIGSNYA---GIAFGNAGVGAVHALSYPIGGNYHVPHGEANYLFFTEIFKTYYEKNPNGKIKDVNKLLAGI-LKCDESE-AYDSLSQLLDKLLSR---KPLREYGMKEEEIETFADSVIEGQQRLLVNNYEPFSREDIVNTYK
RCHGF003179	643576912_AbfH	371	92	383	297	217	21.886	76	3.99E-11	7	15	IIAVGGGSVIDIAKILS--LKYTDDSLDLFEGKVPLVKNKELIIVPTTCGTGSEVTNVSVAELKRRHTKKGIASDELYATYAVLVPEFIKGLPYKFFVTSSVDALIHATEAYVSPNANPYTDMFSVKAMELILNGYMQMVEKGNDYRVEIIEDFVIGSNYA---GIAFGNAGVGAVHALSYPIGGNYHVPHGEANYLFFTEIFKTYYEKNPNGKIKDVNKLLAGI-LKCDESE-AYDSLSQLLDKLLSR---KPLREYGMKEEEIETFADSVIEGQQRLLVNNYEPFSREDIVNTYK
RCHGF003179	650869917_AbfH	371	92	383	312	199	21.795	76	2.57E-07	9	45	VIGIGGGTVIDISKLFV--LKGLNDVLDAFDRKIPLIKEKELIIVPTTCGTGSEVTNISIAEIKSRHTKMGLADDAIVADHAIIIPELLKSLPFHFYACSAIDALIHAIESYVSPKASPYSRLFSEAAWDIILEVFKKIAEHGPEYRFEKLGEMIMASNYA---GIAFGNAGVGAVHALSYPLGGNYHVPHG----------------EANYQFFTE----VFKVYQKKNPFGYIVELNWKLSKILNCQPEYVYPKLDELLGCLLSKKPLREYGMKDEEVKGFAESVLKTQQRLLANNYVELTVDEIEGIYR
RCHGF003540	641231887_KamA	419	19	205	190	129	22.632	76	3.21E-05	7	18	PDRVLLLITDQCSMYCRHCTRRRF--AGETDSPLSDELLNSAIDYIKQNKRIRDVLLSGGDPLTLSTEKLENIISRIREIEHVEIIRIGTRVPVVLPMRITEELTSMLKKYHPIWLNTHFNHPKE---ITPQSRRAL----SMLADAGIPLGNQSVLLRGINDCPQIMKKL------VHELVKNRVRPYY
RCHGF003540	642561132_KamA	415	19	205	190	128	23.158	76	5.9E-05	6	18	PDRVLLLLTDQCAMYCRHCTR--RRKAGEHDAPMPKENVEKALEYIKEHKEVRDVILSGGDPLTLSDERLDDILNRLSKIEHIEIVRLGTRTPVVLPQRFTDSLLNILQKYKFVWLNTHYNHPNELCEDSCKA------LAK-IAETGIPMGNQSVLLKGVNDN------VDVMKALVHKLVKNRVRPYY
RCHGF003598	650262103_Bcd	645	4	44	53	24	32.075	69	8.35E-06	1	12	VCPGCGYEYDPNYGDPEGEIDPGTDFEKLPEDWTCPECQEEKQNFIEEDFTVD
RCHGF002351	640873949_KamE	261	60	193	147	89	26.531	64	1E-05	4	19	VPKVEVHRMTMEEIDEFIEKNIGRK------LIVVGATTGTDAHTVGLDAILNMKGFAGHYGLERYKMFEVYNMGSQVPNEEFVAKAIEVKADALLVSQTVTQKNVHIKNLTNLIEILEAEGIRKDVIVVVGGPRITHELAKELGFD
RCHGF003598	648916074_Bcd	645	3	40	50	21	34	64	1.58E-05	1	12	YVCPGCGYEYDPNIGDPEGEIDAGTTFDKLPDDWTCPQCQEEKQTFIQEN
RCHGF000917	642207689_Ptb	300	108	316	216	141	28.704	62	3.11E-14	7	13	VKAGEADIPMKGIMQ-TADFMRAILD--KSNGFVLEKQLLSQATVFEFQGRLMVASDCAVNIAPEYPDKVKIMKNAVDLARRLGCVQPKVAVLAPVEMVNPAMISTVEAAMLSKASERGQIK--NCIVDGPLALDNALSKEAARHKGIAGPIAGEADVLILPDLASGNIFTKSLTYVAGLPTAG-VLNGTTVPVIMTSRTDRAQDKYHAVLIAVMQ
RCHGF001256	645627922_AbfH	371	55	296	249	151	30.522	60	2.97E-23	7	22	MQEKYGQGEPSDEMMNSILR---DLGGASFRRVIAIGGGTVIDIAKLFVIK------DLTDVMDAFDHKIPLIKDR-QLVIIPTTCGTGSEVTNISIAEIKSRHTKMGLADDVIVADDAVIIPELLAGLPFRFYAASSIDALIHAVESYVSPKCNPYTRVFSVAAMDTIIDVFKKIAATSPEERHKYAADMLIAANMAGIAFGNAGVGAVHALSYPLGGNY-----HVPHGEANYQFFTEVFKLYHAKD
RCHGF003598	646508164_Bcd	635	3	36	46	19	32.609	58	5.71E-05	1	12	YVCKGCGYEYNPDLGDPDADVKPGTKFQDLPEDWVCPLCNSAKTEF
RCHGF001256	640860253_AbfH	371	66	291	231	149	28.571	56	6.23E-24	4	16	EPSDEMINNIIKDIGDKQYNRIIAVGGGSVIDIAKILSLKYT------DDSLDLFEGKVPLVKNKELIIVPTTCGTGSEVTNVSVAELKRRHTKKGIASDELYATYAVLVPEFIKGLPYKFFVTSSVDALIHATEAYVSPNANPYTDMFSVKAMELILNGYMQMVEKGNDYRVEIIEDFVIGSNYAGIAFGNAGVGAVHALSYPIGGNY-----HVPHGEANYLFFTEIFK
RCHGF001256	643576912_AbfH	371	66	291	231	149	28.571	56	6.23E-24	4	16	EPSDEMINNIIKDIGDKQYNRIIAVGGGSVIDIAKILSLKYT------DDSLDLFEGKVPLVKNKELIIVPTTCGTGSEVTNVSVAELKRRHTKKGIASDELYATYAVLVPEFIKGLPYKFFVTSSVDALIHATEAYVSPNANPYTDMFSVKAMELILNGYMQMVEKGNDYRVEIIEDFVIGSNYAGIAFGNAGVGAVHALSYPIGGNY-----HVPHGEANYLFFTEIFK
RCHGF001587	647018977_AbfH	372	66	272	217	132	30.415	54	7.01E-22	7	19	EPSDEMIDSMTKEMKKYNFDRIIAFGGGTIVDICKILAL--DVPEKSIDLFEGEVSP------KKVKELVVVPTTCGTGSEVTNVAIAELKSKHTKKGLAVE-ETYADYAVLIPETVKGLPYKFFVTSSVDALIHAIESYLSPKASPFTEMYSLQAIKMIMDGYKKIVDKGEKERFNHLRDFVLASNYAGIAFGNAGCAAVHALSYSIGGAFHVAHG
RCHGF001587	645113000_AbfH	372	66	272	217	132	30.415	54	7.43E-22	7	19	EPSDEMIDSMTKEMKKYNFDRIIAFGGGTIVDICKILAL--DVPEKSIDLFEGEVSP------KKVKELVVVPTTCGTGSEVTNVAIAELKSKHTKKGLAVE-ETYADYAVLIPETVKGLPYKFFVTSSVDALIHAIESYLSPKASPFTEMYSLQAIKMIMDGYKKIVDKGEEERFNHLRDFVLASNYAGIAFGNAGCAAVHALSYSIGGAFHVAHG
RCHGF001587	646338146_AbfH	372	66	272	217	132	30.415	54	7.43E-22	7	19	EPSDEMIDSMTKEMKKYNFDRIIAFGGGTIVDICKILAL--DVPEKSIDLFEGEVSP------KKVKELVVVPTTCGTGSEVTNVAIAELKSKHTKKGLAVE-ETYADYAVLIPETVKGLPYKFFVTSSVDALIHAIESYLSPKASPFTEMYSLQAIKMIMDGYKKIVDKGEEERFNHLRDFVLASNYAGIAFGNAGCAAVHALSYSIGGAFHVAHG
RCHGF004151	642843769_AbfH	372	73	284	219	142	26.484	54	1.83E-17	5	19	PSDEMIDSMTKEMKKYNFDRIIAFGGGTIVDICKILALDVPEKSIDLFEGEVPPKKIKELV---VVPTTCGTGSEVTNVAIAELKSKHTKKGLAVEETYADYAVLIPETVKGLPYKFFVTSSVDALIHAIESYLSPKASPFTEMYSLQAIKMIMDGYKKIVDKGEEERFNHLRDFVLASN--YAG-------IAFGNAGCAAVHALSYSIGGAFHVAHG
RCHGF004151	647509161_AbfH	388	73	284	219	142	26.484	54	2.15E-17	5	19	PSDEMIDSMTKEMKKYNFDRIIAFGGGTIVDICKILALDVPEKSIDLFEGEVPPKKIKELV---VVPTTCGTGSEVTNVAIAELKSKHTKKGLAVEETYADYAVLIPETVKGLPYKFFVTSSVDALIHAIESYLSPKASPFTEMYSLQAIKMIMDGYKKIVDKGEEERFNHLRDFVLASN--YAG-------IAFGNAGCAAVHALSYSIGGAFHVAHG
RCHGF004151	647529175_AbfH	388	73	284	219	142	26.484	54	2.29E-17	5	19	PSDEMIDSMTKEMKKYNFDRIIAFGGGTIVDICKILALDVPEKSIDLFEGEVPPKKIKELV---VVPTTCGTGSEVTNVAIAELKSKHTKKGLAVEETYADYAVLIPETVKGLPYKFFVTSSVDALIHAIESYLSPKASPFTEMYSLQAIKMIMDGYKKIVDKGEEERFNHLRDFVLASN--YAG-------IAFGNAGCAAVHALSYSIGGAFHVAHG
RCHGF000439	637918716_KamA	393	45	234	191	126	25.654	52	2.04E-05	6	16	VVHRYP-----RRVLFLVSNTCATLCRFCTRKRMVSQPDG-SVAKDEIEASIDYIAGNQDIEDVLLSGGDPFTFTDERLDYILGELRRRAPHVRF-LRIGSRMVVQMPTRVTPELCAVLEKHRVQMV-NIHINHPKEITPLLRERVKMIQKA-------GIMMGLQTVCLKGVNDDVAVMRELFMQTIEMG
RCHGF001270	650206768_HgCoAd_A	259	320	577	263	172	28.897	52	6.08E-29	6	15	MGVDVGSTASKCVILKDGKDIVATSVV-NVGTGTSGPARVIQQALDS--AGFADVLELDGAVATGYGRATLEKVPHQ---MSELSCHAKGAYFLFPKVKTIIDIGGQDSKALKIGDNGMLENFVMNDKCAAGTGRFLDVIAKVLDVSLDDLEKLDEQSTEAMTISSTCTVFAESEVISQLASGAKIQDIVRGIHTAIASRVGSLAKRVGIRDD----VVMTGGVALNKGMIRAMERSIGFKIYTSEYCQLNGALGAALFAYQK
RCHGF001270	650206768_HgCoAd_A	259	5	255	259	167	28.958	52	1.27E-19	9	17	MGVDVGSTASKCVILKDGKDIVATSV----VNVGTGTSGPARVIQQALDSAGFADVLELDGAVATGYGRATLEKVPHQMSELSCHAKGAYFLFPKVKTIIDIGGQDSKALKIGDNGMLENFVMNDKCAAGTGRFLDVIAKVLDVSLDDLEKLDEQSTEAMTISSTCTVFAESEVISQLASGAKIQDIVRGIHTAIASR-VGSLAKRVGIRDDVVMTGG-VALNKGMIRAMERSIGFKIYTSEYCQLNG---ALGAALFA
RCHGF001270	648915084_HgCoAd_A	269	320	577	263	171	28.897	52	1.2E-27	6	16	MGIDIGSTASKCVILKDGKELIAKAVIDVGAGTSG-PTRAMKSVLDEANLKREDIAFIM---ATGYGRNALEEA---DFQMSELSCHAKGAYFLFPRVHTIIDIGGQDAKALKIGDGGVLENFVMNDKCAAGTGRFLDVIARVLEVDVSDLQDLDAKATKEVAISSTCTVFAESEVISQLAQGTSIEDIVRGIHFAIASRVGSLAKRVGLVDD----VIMTGGVALNKGMVRALEENIGHKIKTSPLCQLNGALGAALFGYQK
RCHGF001270	648915084_HgCoAd_A	269	3	255	260	168	29.231	52	4.45E-20	9	16	YTMGIDIGSTASKCVILKDGKELIAKAVIDVGAGTSGPTRAMK-SVLDEAN--LKREDIAFIMATGYGRNALEEADFQM-SELSCHAKGAYFLFPRVHTIIDIGGQDAKALKIGDGGVLENFVMNDKCAAGTGRFLDVIARVLEVDVSDLQDLDAKATKEVAISSTCTVFAESEVISQLAQGTSIEDIVRGIHFAIASR-VGSLAKRVGLVDDVIMTGG-VALNKGMVRALEENIGHKIKTSPLCQLNG---ALGAALFG
RCHGF001270	650261707_HgCoAd_A	272	320	572	258	165	29.845	49	6.29E-28	6	16	MGIDIGSTASKSIILKDGKEIISSSCIDVGAGTSG-PSRTIKETLENANLTREDISYVM---ATGYGRTSLEEA---DFQMSELSCHAKGAYFLFPNVRTIIDIGGQDAKALKIGDNGMLENFVMNDKCAAGTGRFLDVIAKVLEVDVSKLEELDALSTKDVSISSTCTVFAESEVISQLASGSKIEDIVKGIHKSIAARVGSLAKRVGLNDD----IIFTGGVALNKGMVRALEENTGHKIYTSPLCQLNGALGAAL
RCHGF001270	650261707_HgCoAd_A	272	3	228	231	155	29.004	49	5.48E-19	7	9	YTMGIDIGSTASKSIILKDGKEIISSSCIDVGAGTSGPSRT-IKETLENANLTREDISYVMATGYGRTSLEEADFQ-MSELSCHAKGAYFLFPNVRTIIDIGGQDAKALKIGDNGMLENFVMNDKCAAGTGRFLDVIAKVLEVDVSKLEELDALSTKDVSISSTCTVFAESEVISQLASGSKIEDIVKGIHKSIAAR-VGSLAKRVGLNDDIIFTGG-VALNKGMVRALEE
RCHGF002133	650420453_EtfA	418	49	197	155	89	29.032	49	5.62E-07	7	21	MLNIFEDKCVGCGVCVTSCPFDALKMEND-IAVVDTEKCTMCGICVKKCNFDAMEIDKEETGEKQ-------DISGYK----GVWVLAEQRGNKLLDVSFELCSEGRKLADELGTSLSVIVLGSDVKEEAKELFAYKADNVY---IVEDEELKDY
RCHGF002133	650421892_EtfA	418	49	197	155	89	29.032	49	5.62E-07	7	21	MLNIFEDKCVGCGVCVTSCPFDALKMEND-IAVVDTEKCTMCGICVKKCNFDAMEIDKEETGEKQ-------DISGYK----GVWVLAEQRGNKLLDVSFELCSEGRKLADELGTSLSVIVLGSDVKEEAKELFAYKADNVY---IVEDEELKDY
RCHGF002867	648113615_EtfA	405	8	132	137	80	29.197	49	1.46E-09	5	17	IDKNLCTGCGSCVDACPFGAMELHDGVA-VAGDGCTLCGACVDACPESAI---GLDEPAGEQTAQAASGVWVFAEQRQGQAPEVVAELLGQGRKLADELRAELAAVLLGHGVE-GLVAPLMSQGADVVYLIDDPRLA
RCHGF002351	643446623_KamE	261	92	193	114	70	28.07	48	4.02E-06	2	12	VVGATIGTDAHTVGLDAILNMKGFAGHYGLERYEMFEVYNMGSQVPVEEFVKKAIEVKADALLVSQTVTQKNIHIKHLTELVELLEAEGIRDNVILVVGGPRITHELAKELGYD
RCHGF002351	640768454_KamE	261	92	193	114	70	28.07	48	5.84E-06	2	12	VVGATIGTDAHTVGLDAILNMKGFAGHYGLERYEMFEVYNMGSQVPAEEFVKKAIEVNADALLVSQTVTQKNIHIKHLTELVELLEAEGIRERVVLVVGGPRITHELAKELGYD
RCHGF003475	642644261_EtfA	410	100	309	213	120	24.413	44	5.01E-07	8	41	LTDKCKGC--ALCVDACPFEAIEMKDDIAVLN-ESCTNCGACIESCKFGAIIKEEEDTTPR-----------GTVNIDEYKGV--------WVFAEQRDGELMPVTIELLGEGKRI----AKEIGEELSAVLIGDNVEDLTKELF------AYGADNVYLCQDELLKNFTTDGY------TKVLTNMINDYKPEIILIGATHIGRDLAPRVAS
RCHGF000432	644789386_Kdd	344	137	266	140	79	34.286	37	2.23E-07	5	13	VLPDDIPEKLALAVLDVAGAPAQVNKL-VNPGMTVAIIGGG--GKSGVLCAYQAMKNAGKDGKVIVIEKSEQNAKRIEELGLAHHVLQLDATKPVEVFEEINKLTNGNLCDVVINNVNVEATEMSSILITKDEGIVYFFS
RCHGF000432	641246602_Kdd	345	137	266	140	78	35	37	3.03E-06	5	13	VIPEDLPENLVLSVLDVAGAPAQTAKL-VRPGHTVVIIGGTGKSGMLCLYEAKKRAGVTGKVICVDYSEKNLERAKSANL--ADAYIAADATDAVGLMEKIKAATNGEMADIVINCVNIPNTEMGSILSAKNDGLVYFFS
RCHGF000432	648896460_Kdd	347	138	266	138	84	31.159	37	7.81E-06	6	11	IPTDMPEKLALSALDVAGAPAQTAKL-CKPGDTVLIIGAGGKSGMLCCYEAKKRVGVTGKVIGMTHSPKSTERLQKLGFCDVVFSGNATDPVSTMEKISELTGGKMADITINNVNIPDTEMTSV-LCTKDDGLVYFFS
RCHGF001244	651501120_Thl	393	47	145	110	56	28.182	31	1.8E-05	2	23	KSQSAADLGIVAAKAAIERAGIKPEDIDETV------------LGCVLQAGLGQNVARQISLGAGIPETTPAMTINKVCGSGLRTVSLAAQMILAGDVDVVLAGGAESMS
RCHGF001244	643125231_Thl	393	47	145	110	56	28.182	31	1.82E-05	2	23	KSQSAADLGIVAAKAAIERAGIKPEDIDETV------------LGCVLQAGLGQNVARQISLGAGIPETTPAMTINKVCGSGLRTVSLAAQMILAGDVDVVLAGGAESMS
RCHGF001244	645647867_Thl	393	47	145	110	57	27.273	31	9.64E-05	2	23	KSQSAVDLGVVAAKAAIERAGIKPEDIEETV------------LGCVLQAGLGQNVARQISLGAGIPITTPAMTINKVCGSGLRTVSLAAQMILAGDVDVVLAGGAESMS
RCHGF003943	649929549_EtfA	441	191	259	70	45	34.286	26	2.29E-09	1	1	ENKCIACGARCQSACPVDAIQMNDAGEPIIDASRCIGCVKCVKVCPVQALEMSFTPEELRILQEMAAASS
RCHGF002918	649929549_EtfA	441	166	229	67	37	35.821	25	4.79E-06	3	6	PKKPRGKATL---LENKCIACGARCQSACPVDAIQMNDAGEPIIDASRCIGCVKCVKVCPVQALEMS
RCHGF003943	637779548_EtfA	442	194	251	62	35	37.097	22	1.05E-08	2	4	CIACGARCQSVCPVNCVDMNDAGEPVVNSAKCIGCQKCVKICPATALEMYFTPEERKILDEL
RCHGF000542	649929549_EtfA	441	39	101	65	39	33.846	21	9.06E-05	3	4	PKKPRGKATLLENK--CIACGARCQSACPVDAIQMNDAGEPIIDASRCIGCVKCVKVCPVQALEM
RCHGF002867	648675365_EtfA	393	6	58	53	29	43.396	21	3.39E-09	1	1	IWIDAELCNGCKRCVKACPYEGVEMRDGKAHILE-RCTSCGACIESCKQKAIS
RCHGF002867	646855136_EtfA	394	6	60	55	32	40	21	1.14E-08	1	1	ITIDETLCIGCGICVETCPFGSITLVN-NVPVVSDTCTLCGSCAHDCPVGAIVIT
RCHGF002918	643639103_EtfA	442	174	225	61	31	34.426	20	4.17E-05	2	9	PLKKPRGKACVLEGKCIACGARCQSSCPVDAIEMNEAGEPVINPDKCIGCVKCVKVCPAQA
RCHGF002918	644870319_EtfA	439	174	225	60	31	35	20	5.21E-05	3	8	PKKPRGKAAVLEGRCIACGARCQSACPVDAIQMNEAGEPIVDASKCIGCVKCVKVCPAQA
RCHGF002623	644401430_EtfA	400	52	107	56	38	32.143	19	4.88E-06	0	0	ECIGCEACIDACPFPGAVEMKDDVAVLTDKCTGCGACADACPSDAIEVEETEVKVD
RCHGF002865	644401430_EtfA	400	186	233	49	28	40.816	19	6.12E-06	1	1	VDECIGCEACIDACPFPGAVEMKDDVAVLTDKCTGCGACADACPSDAIE
RCHGF002623	648675365_EtfA	393	45	98	54	32	38.889	18	4.19E-06	1	1	TIWIDAELCNGCKRCVKACPYEGVEMRDGKAHILE-RCTSCGACIESCKQKAIS
RCHGF002623	648669067_EtfA	405	49	103	55	33	38.182	18	5.32E-06	1	1	NEEKCKGCKLCVEACPYAAISMRNKKAVI-NDGCTNCGSCIDSCEFGAIGFEGSQ
RCHGF003943	644869747_EtfA	436	194	241	49	29	38.776	18	1.08E-08	1	1	CIACGARCQSVCPINGVEMSEQGEPLIETEKCIGCVKCVKACPAGALEM
RCHGF002865	648113615_EtfA	405	189	232	44	24	45.455	17	1.97E-08	0	0	CTGCGSCVDACPFGAMELHDGVAVAGDGCTLCGACVDACPESAI
RCHGF002865	646855136_EtfA	394	189	232	44	24	45.455	17	4.41E-07	0	0	CIGCGICVETCPFGSITLVNNVPVVSDTCTLCGSCAHDCPVGAI
RCHGF002902	649930084_EtfA	437	112	199	91	56	34.066	17	2.55E-07	3	4	KARVITGKCIACGAR-CQSVCPVNGVEMSEQGEPIIEAEKCIGCVKCVKVCPAGALEMFYTPEELAIIAGFEKHGGEEVDDEELERRKKIS
RCHGF000542	642767495_EtfA	442	55	101	49	27	40.816	16	2.66E-05	2	2	CIACGARCQSACPVDAIQMNEAGEPVIDASKCIGCVKCVKVCPAQAIEM
RCHGF000542	644870319_EtfA	439	55	101	49	29	36.735	16	6.01E-05	2	2	CIACGARCQSACPVDAIQMNEAGEPIVDASKCIGCVKCVKVCPAQAIEM
RCHGF002133	649926857_EtfA	396	48	95	48	28	37.5	16	1.54E-06	1	2	LIIDSEKCTACGICETSCAFGAISVEVDCAVVNES--CTLCGACVENC
RCHGF000911	649926857_EtfA	396	138	224	87	48	27.586	15	4.23E-05	1	15	LIIDSEKCTACGICETSC---------------AFGAISVEVDCAVVNESCTLCGACVENCPVGALRIETAEKRVRADINDYSGILV
RCHGF003475	644870389_EtfA	447	157	230	74	41	37.838	15	6.23E-06	2	5	CESSCPVSGIQMSEAGEPSILDGKCIGCAKCVKVCAAGALE-MFYTPEELELLKQWEAQHG----AVEEELDPA
RCHGF002902	639702141_EtfA	399	143	212	71	24	38.028	14	2.67E-07	2	20	KAIVDRKKCTVCGVCTDVCPMGAIS-------------------LKETEIEISDDCSLCGMCVDTCEFGAL
RCHGF003475	640548716_EtfA	441	157	224	68	36	41.176	14	6.29E-06	1	4	CQSACPVDAIEMNDAGEPIINESKCIGCVKCVKVCPAQAIE----MFFTPEEQKILDEIMKQGAPAVE
RCHGF002902	648669067_EtfA	405	114	166	53	25	47.17	11	1.19E-06	2	3	VVNEEKCKGC--KLCVEACPYAAISMRNKKAVIN-DGCTNCGSCIDSCEFGAI
RCHGF002645	647305200_Bcd	642	4	48	53	24	39.623	10	6.96E-05	1	8	VCPGCGYEYDPDLGDPNGEIDPGTEFERLPDDWSCPNCLEPKENFIEAEFTED
RCHGF002645	648677561_Bcd	642	4	48	53	24	39.623	10	7.92E-05	1	8	VCPGCGYEYDPDLGDPNGEIDPGTEFERLPDDWSCPDCLEPKENFIEAEFTED
